signal,sample,input,filtered,difference
0,0,0.366576,0.236137,0.000000
0,1,-0.153555,0.278970,0.042833
0,2,0.263959,0.232412,-0.046558
0,3,0.221002,0.160141,-0.072271
0,4,0.482703,0.141597,-0.018544
0,5,0.493135,0.079476,-0.062122
0,6,-0.046934,0.085379,0.005903
0,7,-0.345755,0.086249,0.000871
0,8,-0.006754,0.028726,-0.057524
0,9,-0.192518,-0.012779,-0.041505
0,10,-0.100428,-0.033260,-0.020481
0,11,0.271795,0.018537,0.051797
0,12,-0.296712,0.074211,0.055674
0,13,0.109160,0.038702,-0.035509
0,14,0.308808,0.092646,0.053944
0,15,0.419236,0.055347,-0.037299
0,16,0.155312,0.020972,-0.034375
0,17,-0.326334,0.057899,0.036928
0,18,0.292975,0.036800,-0.021100
